"","Sample Identifier","MEblack","MEblue","MEbrown","MEcyan","MEdarkgreen","MEdarkgrey","MEdarkorange","MEdarkred","MEdarkturquoise","MEgreen","MEgreenyellow","MEgrey","MEgrey60","MElightcyan","MElightgreen","MElightyellow","MEmagenta","MEmidnightblue","MEorange","MEpaleturquoise","MEpink","MEpurple","MEred","MEroyalblue","MEsaddlebrown","MEsalmon","MEskyblue","MEsteelblue","MEtan","MEturquoise","MEviolet","MEwhite","MEyellow","ICB Response"
"1","Sample1",-0.0852908625552774,-0.0469845844088029,-0.0720802147318227,-0.0841526511481071,-0.130601763802026,-0.0452279779110548,-0.0398207344201571,-0.0514121588706358,-0.122260436744661,-0.131700578693741,-0.0544634313630023,-0.0480855200044348,-0.0625039868067526,-0.058721301546776,-0.134626557973336,-0.0498456868983237,-0.082781650465753,-0.0738520860642151,0.271657113394998,-0.0206638674798651,-0.121795974471233,-0.0961058494462079,-0.0984184400155317,-0.0860584807055629,-0.0685688678391566,-0.0650317211578918,-0.0694567430632734,-0.0325607612259342,-0.146157131339731,-0.0708183482798819,-0.00907064024716611,-0.0522433277362354,-0.123494224012807,0
"2","Sample10",-0.0299033594470928,0.0040860165258314,0.0235253347322476,-0.031386544970745,-0.0450035156060276,0.0319327039282914,0.0464731440966872,-0.0196508671539064,6.69136846762619e-05,0.0158312176692235,-0.00699538970383895,-0.00455536395682221,0.0700365191132082,-0.0336252866742639,0.0611992123202811,-0.0466129762428251,0.0121445839179647,-0.0314974735898969,0.0306032680973302,-0.0309399648953574,-0.00665091183467026,-0.0102384410989604,-0.0026143333193388,-0.0177875932830226,-0.0360703840136747,-0.0136906840614206,0.0205425661425909,0.0136768834586178,0.0198126117472676,-0.0112786591344209,-0.0279865029057282,0.011887415361021,0.327105753814392,1
"3","Sample100",0.476009279062119,-0.0948795486374761,-0.0142999686667139,0.087295133429323,0.296110588158213,-0.041764378135543,-0.000172861322637594,0.0229349909093071,0.0351892145044492,0.0785904380472811,0.0325888684670984,-0.00835418034764335,0.0335930482042814,-0.00663683774353191,0.0595222600891783,-0.0243763314689375,0.120684168005228,-0.0249114681668017,-0.123549236160346,-0.0666355044026603,0.0957328937682621,0.0215455107885487,0.0477577699607174,-0.0570742774357073,0.142284895529988,-0.0647584296445991,0.0175324056521737,0.00339916670237438,0.0770817453782412,-0.0347881100014122,0.101954406234967,-0.0665573362709596,-0.0499708304031762,1
"4","Sample106",-0.0329491980943505,-0.0127709202591191,-0.0208017410821104,-0.0528551840154726,-0.0593634767444671,-0.0182882100263241,-0.0278803338509596,-0.0466649755331139,-0.0419608202143056,-0.0366949766520667,-0.0360269200348906,-0.0163452301708668,-0.00824070331437632,-0.0441329938653805,-0.0326014508285728,-0.0395490566325573,-0.0347391370591716,-0.0599925297854562,0.00760917217797436,-0.0451122605828538,-0.0497327415714473,-0.0392073678640934,-0.0448492646602137,-0.0206925867031493,0.00355920839387851,-0.0280788720724241,-0.0327842563667215,-0.0135339817294392,-0.0432016426073506,-0.0284497924189938,-0.0274721708252269,-0.0227592296593908,0.0801578982433193,1
"5","Sample107",-0.108657508532319,-0.222604860571253,0.901150200607248,-0.15017993901791,-0.166375839282206,-0.0910028269902746,-0.123958445757629,-0.0751931895365767,-0.126192931176151,-0.163899075170558,-0.0753121183174442,-0.0810373197039806,-0.0749919963077246,-0.0745659061106353,-0.0990393524472616,-0.12820880128458,-0.110820883246122,-0.11316775694018,0.176358527301429,-0.12888769200034,-0.165874141518272,-0.178527619359563,-0.0972643846823942,-0.154320792005852,-0.0538074558315703,-0.147508940598709,-0.115391179202862,-0.0778932477026373,-0.239706407401334,-0.159068775232607,-0.0269425772877615,-0.0846680374720383,-0.230676381437892,1
"6","Sample108",-0.102986444535935,-0.0974798168479732,-0.105132845420362,-0.121944035020251,-0.172114792012236,-0.0953301774505138,-0.0998591684875319,-0.0701989743763869,-0.149794971406559,-0.1803665845482,-0.082375722198838,-0.085384044459948,-0.112244441078817,-0.0758542833167731,-0.180428189277777,-0.0262224787398413,-0.135147106857848,-0.0648089991391981,-0.00103577885619762,-0.0491962892640135,-0.168854829879587,-0.134291852909875,-0.13749178739364,-0.157822407057265,-0.0665025249963027,-0.0950356205810938,-0.130300013247335,0.0073814772588227,-0.205943454750343,-0.0910638634909511,-0.0357743531449458,-0.0557378409138784,-0.22792250133601,0
"7","Sample11",-0.051593767388075,-0.0249289274203218,-0.0192028658710513,-0.0633009453470373,-0.050212054482227,0.0181451338627556,0.00367911008758636,-0.0169916587405252,0.00186912155116045,0.00752731946966706,-0.0349209743639139,-0.0270340928162995,-0.0337376981205434,-0.036446984434185,-0.0101414630953996,-0.0270277954665203,-0.0367381860584301,0.00522042786027482,0.0465479609393755,-0.0331527213663825,-0.0219396826977591,-0.0391146820199645,-0.0147756865270533,0.018392245356316,-0.0279821566168219,-0.0317707864584969,0.0197333487979143,-0.028843103673314,-0.00358139188368888,-0.028746112478677,-0.0246611175761371,-0.0156978502329171,0.0487612061024604,0
"8","Sample112",0.0275408627777904,-0.0912795672425164,-0.018250328133433,-0.0249658799426143,0.132648971976171,-0.05231139611397,-0.0105765074662099,0.0183611630550868,0.0490370266237035,0.152347757073725,0.00493686424182641,-0.00691318308731812,0.0119490951622627,0.0413422097174561,0.0784884186092606,-0.0501277972303437,0.0599545617639234,-0.0475646398786881,-0.0668736436922754,-0.0572389987671045,-6.24714688263018e-05,-0.0195246812626597,0.0259631550824805,-0.0202655144554459,-0.0365230551841627,-0.0466710281203086,0.0388706032365814,0.014323786038121,0.0948321188502333,-0.0691355925438953,0.0593504515995691,-0.056124451955479,-0.0265599860942902,0
"9","Sample116",-0.0291175070863642,0.116342601755111,0.0427752809611643,0.0770841191416619,0.0137350468666527,-0.000171851619098363,0.0769801035068321,0.0203022446947542,0.00540067125274997,0.0466002330886752,0.0294737216370474,0.0567334314212087,0.103564351153194,0.0455547214811868,0.0579561965643254,0.0661259749191023,0.0442981123798191,0.0301223185385931,-0.0803371750687802,0.0144139818571472,0.0286260612181945,0.0614580960491643,0.0398693723474792,-0.0218431471786062,-0.0207425465152018,0.0642808071854502,0.013657686788975,-0.00238596717779084,0.16461944321575,0.0654960296768695,-0.00641854410844905,0.0030772177702422,0.0826731066624999,0
"10","Sample117",0.102170403912185,-0.0253088340208908,-0.00436836213783567,0.0683326291924691,0.117027513288622,0.0600588686659509,0.0287822823936773,0.0263614070538216,0.0754024032296773,0.0608173617790486,0.0567706526638318,0.0186381576262684,-0.0209003310299025,0.0179779459095765,0.0462557481664521,-0.0426256172076205,0.0420607217605828,-0.0136151093227605,-0.0973673775245774,-0.0197462380852071,0.117896168862263,0.0306550088512566,0.053924928915471,0.113536855663028,0.316840401545631,-0.0160369224122861,0.0522167338541351,-0.00936894399316302,0.0950465651692521,-0.0173997443524427,0.070515408943022,0.0597057832360871,0.0174565103147373,0
"11","Sample121",0.0454437465084103,-0.0253047244409299,0.014430669770473,0.00116331652171443,0.101951414160039,0.045834455428508,0.0323343200771038,0.0186406992643764,0.0839999172016691,0.125882839204497,0.019432183516785,-0.00232066245013078,-0.00771724614877597,0.0378262802565784,0.0953694150061506,-0.0340280734130181,0.0706548152980616,-0.0176986814125074,-0.0557677979611808,-0.0258382823272916,0.0258104301213119,0.0154406965603651,0.0770540216083601,0.273917695040349,0.0350734007894189,-0.0129319384853741,0.0554039918130283,-0.00257803025521578,0.0967315052547762,-0.0181451275174228,0.0198503633516958,-0.044051975201598,0.044821111780774,1
"12","Sample125",0.429231452392222,-0.106380116542731,-0.0614270366345013,0.0336557263353473,0.115239874223034,-0.0946880313811536,-0.0519677963779751,-0.0168667097186603,-0.0440503556784517,-0.0377875166800316,-0.0276151543021954,-0.0349266144924403,-0.0567508272001038,-0.0391808272158085,-0.0552441907355397,-0.070512423924152,0.0143199274840355,-0.0774679787433779,-0.0775712515210475,-0.0763378657728743,-0.0467235319508722,-0.0433681988112307,-0.0428117585012754,-0.107882232446744,-0.0186317871538944,-0.0953678844748439,-0.033714754437173,-0.0264089488980127,-0.0216850340715611,-0.0616067664711064,-0.0524537520987223,-0.0979716275896488,-0.0872150364777291,1
"13","Sample126",0.0311544550992619,-0.0399030461429048,-0.0225137642608168,-0.0179051259964184,0.054605280038623,-0.0449527442660969,-0.0303399040858291,-0.0222242684921069,-0.0321489960778786,0.00260046627227317,-0.0241087668952161,-0.0152786760043488,-0.0276724412363513,-0.0407144440529094,-0.0158464336586513,-0.0254498815358419,-0.0124294230913103,-0.00322238106075698,-0.0874453335300492,-0.0505033782529983,-0.00988445787444551,-0.0173943690801468,-0.0129243027153779,-0.0426596773622248,-0.033024137887605,-0.0349056471117333,0.00134078857792056,0.890921912862235,0.0412767099843861,-0.0295367810407087,0.00554741222078362,0.00575009776459539,-0.0131748607032806,1
"14","Sample127",0.00135865619446775,-0.0706727993678567,0.00492576633623831,0.0215570792959259,0.153477096200899,-0.00629310615788652,-0.0064106659395103,0.920518693694263,0.0735606979312546,0.143381368525787,0.0274610786434446,0.0106599408414969,0.0287610576723601,0.0815310776798751,0.0730106589524682,-0.0304208643676821,0.0681279219819822,0.00839328943694326,-0.131348834081111,-0.0410977033235242,0.0348398341140022,0.0138899321843789,0.0618553076121959,-0.0353843589458045,-0.0410424295129099,-0.0294830274005601,0.0208300808859132,-0.00736084482774703,0.278845255930845,-0.040600473717676,0.070156577243352,-0.0202516783264163,-0.0213673115121428,1
"15","Sample13",-0.0486534657642596,0.0135931643505936,0.0410950004089599,-0.00917756261560792,-0.0134902434324825,0.00713465311471546,0.0436774547557984,0.00268667497140555,0.0198131626579461,0.0510094525842111,-0.00510521631422309,0.00885610744301518,0.386099454974327,-0.0261197207414393,0.060836791121753,-0.00255911394302695,0.0268177934766309,2.89175454747389e-05,0.0438441700652265,-0.00887000685336679,0.0854008092751779,0.0378814653548773,0.0164202641785401,-0.0518024936832561,-0.0288254659977408,-0.0294424956814424,-0.00380159092889415,0.00486847309650677,0.127869487119874,0.045215287826116,-0.00741776710963706,0.115245481191073,0.186979393301715,0
"16","Sample130",0.0259792864102724,-0.00129592586994213,-0.00456291826536064,0.000460651504451438,0.0200977834652825,0.121792412006532,0.120213328954792,-0.00574764598816942,0.0460368845327062,0.016019481438622,-0.00951687721732479,0.00708243861093154,-0.0264918813919462,-0.0249542522479431,0.0335122707654732,-0.0210739344359094,0.0265828390970792,-0.0362688809906014,-0.0531523480027955,-0.0105328371107078,-0.0353554363717932,0.0115944032310283,0.01613875308017,0.100212164258623,0.0471604866130387,-0.0155216036799129,0.0177765913487519,0.0048914390167126,0.0116449827935722,-0.010855860603047,0.075168672730063,-0.0375204163779522,-0.00336400299054312,0
"17","Sample131",-0.0206695799945536,0.120406914836318,0.0301977888977298,0.00906113125285118,-0.106238897416106,-0.0459785454451524,-0.0293711846639216,-0.0470113665252213,-0.076947587455154,-0.113894104269411,-0.0338637878770943,0.0103210759049393,-0.0686130602826947,-0.0421751020629984,-0.0545195283268358,0.0490738483048824,-0.0459892659538865,-0.00844713277042365,-0.0422259107291683,0.0153346168678031,-0.0240259973478171,-0.0177876403967852,-0.0421454202971799,0.0208705987985527,0.0754950153019874,0.1391109848953,-0.0677017438466441,-0.0199560158746103,-0.137329802530853,0.65716462533541,-0.0930310100868698,0.035417163664864,-0.00119914866927808,1
"18","Sample132",0.0956190761775773,-0.0733562257770207,-0.0450356646605103,-0.00265979343469104,0.04105243779653,-0.0570866314311608,-0.0368796611971134,0.0177356475920831,-0.0348511801743583,-0.0271202169265084,-0.01221937547898,-0.0204945238916512,-0.0436675153474698,-0.0061108731566579,-0.0567755863928091,-0.0513516296913732,-0.0144746059259587,-0.0508514598972991,0.0880722796138262,-0.0539525877457567,-0.035148960053196,-0.0321105897650841,-0.0370490385436762,-0.0568797067061146,0.0171880263087714,-0.0658382644095521,-0.0299930990307218,-0.00614151420330069,-0.0320716813004446,-0.0599240874280122,0.0190085005444189,-0.0597898670010944,-0.0491821977685009,1
"19","Sample133",-0.0128369715857517,0.0687444822280251,-0.00562460409861364,-0.0146251590311772,-0.0266801045487579,0.0309361121727746,0.000254583266512511,-0.0377784678251337,0.0240267324146577,-0.0189180218930628,-0.0290241524678798,0.0034828003427949,-0.0574528549629755,-0.0172261811881401,-0.0171422278068378,0.0238940326239663,-0.0239236870780283,-0.0132284765421618,-0.0669519593653264,0.0190325678747299,-0.0163187334555871,-0.0017349432709853,-0.0059863466444494,0.155203119229961,0.0231644593772014,0.056721580283828,-0.00530571348971651,-0.0159766139135026,-0.037405559565209,0.0570886068771002,-0.0453399657629688,0.0085754088681132,0.019860867786497,0
"20","Sample134",0.0377185246223143,0.0359620808169638,-0.016953033415915,0.0541840580269497,0.00561888569977813,-0.03269064128281,-0.0137218755298154,0.0011283727756724,-0.0399866505593339,-0.0594075143016685,-0.00173143248826101,-0.0102433006547327,-0.0278575108883684,0.0738634040706246,-0.051976943851181,0.0399769834444677,-0.0243314425882065,0.0131440535036294,0.0532267955279018,0.0345986078281327,0.0055946108155606,0.00881124723429961,-0.0276541157384505,-0.0497360179609937,-0.0280369340926609,0.0197503196055727,-0.0288357524015564,0.0282208301597434,-0.0473643644950868,0.0225320102502523,-0.0290061469625514,0.00156152728472186,-0.053838653595237,0
"21","Sample135",-0.0434410568874465,0.208952229973099,0.0212918145199932,-0.0173074882891061,-0.0961195807105839,0.0366042127525619,-0.0143831156701145,-0.0395992857542018,-0.038352354229048,-0.073791472437588,-0.0217233512755005,-0.00576910808054485,-0.0508554280445126,-0.0342633007982395,-0.0532602289929131,0.0276680562360201,-0.0526667704820849,-0.00492611448241795,0.0639275347499635,0.733182604593525,-0.0108782870186895,0.0204469947641096,-0.0321751916735034,0.0823020077191574,0.00144651542471395,0.0749897168603005,-0.0323529276279709,0.0147082765476255,-0.106901598104105,0.118679368513964,-0.0687367231703483,0.0255791696415495,0.0484682309667953,1
"22","Sample137",0.23814426911671,-0.0535600510013385,-0.029109240943273,0.0081894653308426,0.159865508080838,-0.0553328296359709,-0.0498211095034486,-0.00572482513797497,-0.00621905323296989,0.00651732187107038,-0.00362125979018315,-0.0208446327892602,-0.0289991442880026,-0.0209812048813735,-0.00130141182263434,-0.0364255647581004,0.0212250802600057,-0.0443432049956514,-0.034183012528313,-0.030083534590791,0.0177308541688918,-0.0115420291975951,-0.0022539400607641,-0.0895102308533614,-0.00891348436725842,-0.0411058546306784,-0.0270926922527434,0.00286106670227269,-0.0744358756618741,-0.028698865770077,-0.0152450842939271,-0.0321772868487862,-0.0656010503266128,1
"23","Sample14",0.028962881137264,0.199444934589694,0.0351811113464343,0.179016426448015,0.0142346279085967,0.0272293411882136,0.0411034420989924,-0.00432528098847219,-0.0269619499044114,-0.0394434455526575,0.0112018532386454,0.053118815309706,0.00170999945918506,-0.02436026791477,-0.0184923616342503,0.217424051058025,0.00663484272164382,0.149585374638942,-0.0865629925625891,0.0725075886888932,0.0212080943694259,0.0747063231786659,0.0162775611822741,0.00281237784808564,0.0014192819999139,0.115136684466337,-0.00376659475282373,0.0340046948937258,0.0318392613771327,0.123104474566197,0.0100807741737347,0.0403556969006311,-0.00724782338521823,0
"24","Sample140",-0.0721850614971499,0.0228823518644346,-0.0240010951818016,-0.0446793343459188,-0.0728077224548624,0.0107012134044039,-0.0230005795433598,-0.0278395239957812,-0.0201813264151894,-0.0528568176188322,-0.0312563113252526,-0.00943333164927434,-0.0617469105110101,-0.0301843160324673,-0.0617650943227615,-0.0307517876308656,-0.0487170550115057,0.00763892985778291,0.014238303426154,0.0447314294999211,-0.0416806179090713,-0.0194801543268921,-0.027955447900125,0.069998452952251,-0.00656857767923563,-0.0240009750449441,-0.024933061160305,0.0721207566703519,-0.053430423922471,0.0146980646897838,-0.0231772415473921,0.00237716012904126,-0.00735661509036322,0
"25","Sample141",-0.0874814433117749,-0.0212846055984801,-0.0379059032349221,-0.0773081802622055,-0.0959469713825673,-0.0511521804034829,-0.0575910435482527,-0.0397989802242806,-0.0583143548003287,-0.0795664675823626,-0.0360846910521536,-0.0242885114248617,-0.0800097986123431,-0.0272391199756797,-0.0655535450541956,-0.0542709581038544,-0.075128823979799,-0.0185974041003328,0.0547701041656207,-0.0312217653210166,-0.0498260774877663,-0.0459187334321371,-0.0446574856902013,-0.044387990232089,-0.0513366684713837,-0.0492537385127187,-0.0593834507511329,-0.041239728967863,-0.0992090766316533,-0.0365333646270132,-0.0551521096516165,0.840070335186145,-0.0706277947632843,1
"26","Sample142",0.0199302220383907,0.127327567382368,0.0490826255554606,0.036470171678058,-0.0361771176738344,-0.00633898704144852,0.00501069100283036,0.0184521639324114,-0.00590437808556774,-0.0422535764442608,-0.0111893234333989,0.0363535621795514,-0.0136954239694134,-0.0202926468937098,0.0345056584696911,0.00879154414110792,0.0109776424198284,0.0171434725289835,-0.0499682406867785,0.0790779150673267,0.0134806798545652,0.0669072555496839,0.0190318962177544,0.0942250997755791,0.0350771299431431,0.0975063837435633,-0.00843353414109692,0.0105116904640143,-0.0181346515410542,0.208763263763006,-0.0786958710785754,0.0168035852402888,0.0240448511254157,0
"27","Sample143",-0.10144343606033,-0.287040193872273,-0.161097660945059,-0.142133288596119,-0.20181806540415,-0.147925578505597,-0.1561383875984,-0.0836137205991511,-0.122579599484839,-0.205442863871994,-0.0716958683990449,-0.132717074910255,-0.145321816644044,-0.0550936712777699,-0.198901197414502,-0.109997225212278,-0.160974434237415,-0.141935396730739,-0.137721153489613,-0.134578505375501,-0.150209303040411,-0.206675961874471,-0.165088833113378,-0.152943262272334,-0.0840837970805794,-0.177068822965459,-0.137926881606305,-0.0911367000096867,-0.238769620116839,-0.184346436439247,-0.094266756282058,-0.16560470021639,-0.301107699477947,0
"28","Sample144",-0.0656139793305959,0.248504517902397,0.0408066117941564,-0.051475308677048,-0.086700054414538,0.0167316950492442,-0.0104155799938607,-0.0349211006909163,-0.0343248169431443,-0.0626835675486065,-0.0018546381941034,-0.0171330644859768,-0.0309907433254527,-0.0423221890616544,-0.0224781655288308,0.0222205791715345,-0.0371605689895221,0.0768613686578669,-0.108607606568499,-0.00524298735166199,-0.0351351050625651,0.0279371328279087,-0.0187249056112515,0.0213932468223457,0.0142515425024933,0.732120391203155,-0.0219298709292321,-0.0203919268711189,-0.0990135020864813,0.0989720129663156,-0.0599007258958009,0.0570150603372097,-0.00179440393776179,1
"29","Sample145",0.0176546285762331,0.110680838285068,0.0167116334629771,0.0593468583368478,-0.029810584504591,-0.00648902163187553,-0.00018306718353847,-0.0193459615244443,-0.0197292860071821,-0.038119368783625,0.0086498591478604,0.0254402183914225,-0.034716186542633,-0.0220028762079243,-0.0140084945559963,0.0118981296955202,-0.015908203336357,0.00959472854992419,-0.00614754650101957,0.0268853704611237,0.0180763978314622,0.0356326899313464,-0.00333070625697517,0.0746436223284804,0.0435958957301782,0.0961573464866209,-0.030987436084251,-0.0298086152622789,-0.0297677735254416,0.125328828340223,-0.0553711665961431,-0.000585917856715571,0.0253202886667945,1
"30","Sample146",-0.0481665566563713,0.00453472751904782,0.0209087052100391,-0.0341766124152575,0.0176831205908862,0.0221471912636935,-0.0420150915612248,-0.00953761213816747,0.0262431181223501,0.104096902798166,-0.00674917127050349,0.00178285955162875,0.0510520571849847,-0.0334200049848725,0.0527968167231901,-0.00693302304641828,0.0166899692770067,0.0644951060911102,-0.076877631198087,-0.00241576969497043,0.00886543096545269,0.00815633049774103,0.0303114167983326,-0.0262766779677766,-0.0286028096748504,0.0367682944797798,0.0320940302363857,-0.00628147044638481,0.126826823566664,-0.00998347012005906,-0.0101900494923406,0.00319720392564703,0.0605355708643394,1
"31","Sample147",-0.0901296590238864,-0.0182238367096986,-0.0465902000107392,-0.0855202125204111,-0.116238338898904,-0.00470908905022235,0.0130140914248137,-0.0391801745537421,-0.0503530655333848,-0.071696548813373,-0.0480315853691044,-0.0215123533930118,-0.0502118322622985,-0.0455175414994923,-0.0744779637815041,-0.035798974225768,-0.0675500383799794,-0.0480071851457683,0.220809852533808,-0.00971653656466033,-0.0774825148310789,-0.0603030071295952,-0.0614735914219311,0.00468229402396656,-0.0547000763626275,-0.0598997102956374,-0.0507041977125937,-0.0543454368569113,-0.0665907283813495,-0.045588722201603,-0.0217038183934113,0.00878649081628069,-0.0376964892191532,1
"32","Sample148",-0.0605156024751594,-0.00920339109972314,-0.0547197217458855,-0.0308608000058414,-0.105692157599055,-0.0546747848619058,-0.0378379691187044,-0.049156520117002,-0.0366464761874866,-0.0893492336882359,-0.0411677970613614,-0.0266696012694024,-0.0737469460676959,-0.0503640478201424,-0.0890631940254601,-0.0237778849174248,-0.0618034190245434,-0.0701799408865981,0.0818301641499124,0.00274655583472044,-0.077372970393472,-0.0502649070758713,-0.0636280321709258,0.0202530690854188,0.061785101433047,-0.0478713678312014,-0.051167651740593,-0.0297690483468907,-0.0919026415486622,-0.0356162004650952,-0.00541342865136011,-0.0234169018946898,-0.0736913438736603,1
"33","Sample149",0.198196084894107,0.00207594425480764,-0.00628993248715417,0.0871559729070589,0.118125880344128,-0.00321443900112092,-0.00570337751069623,0.0215996910501066,0.0064430032623668,-0.00133788313185285,0.0193718683028328,-0.000833897880422504,-0.0160098541747108,0.007606113132488,0.000369689168844012,-0.0413285419090012,0.0183931496408602,-0.0350174439608082,-0.00407983203474809,0.00904223460042847,0.147312936783106,0.0434330883708541,0.00779930367475523,-0.0376836486649773,0.067599252170188,-0.0396583143975347,-0.0229564403861198,0.00530529511789016,-0.011008840093617,0.0161897563077404,-0.0293247195534808,0.0358979871773088,0.0195379182192691,0
"34","Sample15",0.0074786866238046,0.155330584097379,-0.011746870319685,0.0952406480504321,-0.0669850459400201,-0.0160788846104015,0.00581778654101156,-0.0276802956759431,-0.0494930497885738,-0.0912272715484082,-0.0221818798773,-0.00543841957573071,-0.0382264472632871,-0.028927070662197,-0.0884075782486636,0.567484339129798,-0.0302803026950405,0.0603841945076177,-0.0254018647505052,0.0837472014043703,-0.0518737164770962,0.00951248696185419,-0.0413142418633589,-0.0406975406895586,-0.0454809263735696,0.0075070364983677,-0.0521999160168335,-0.00833437877112091,-0.0689035946856507,0.0680593739246974,-0.0363050964258974,-0.012423058462675,-0.0810265572081818,1
"35","Sample150",-0.0454476460896713,0.0134375086512696,0.0142689370557154,-0.0360984800609795,-0.0239271417337711,0.0104698017066537,0.0194122794529718,-0.0177362928357447,0.00268103438618168,0.0157887220614103,-0.00910606527770275,0.0214108609474153,0.0068488084675231,-0.0356677246055178,0.00584860841407186,-0.025280521046114,-0.00886978758785201,-0.0102413436580704,-0.085173490849782,-0.00759982728943995,-0.0302541167082734,0.00631938020063402,0.00243678387023909,-0.0246354159652353,-0.0321646435447085,0.0262373629914483,0.0489345283298469,-0.019718529181656,0.111471280297262,-0.00743993395954049,-0.0143012256456813,-0.0343852890761087,0.109389144634066,1
"36","Sample154",-0.0159292475115848,0.0386994229733651,0.0172914753261873,0.179072064201523,0.0438804343526995,-0.016342777732316,0.0190290320939445,0.0493699138370685,-0.00776945819150845,0.000825501772472498,0.122784749283971,0.0510740744648887,0.0448287538925043,0.14606970416644,-0.000213600751323922,0.0293389865171469,0.0180200347163105,0.0373325323684552,-0.0600132430783951,-0.00092130972105587,0.0673862919798709,0.0719018002248339,0.0235233361647352,-0.0455547166442376,-0.0139109689667694,0.0478088787556398,0.00201918571947045,-0.00389805202127307,0.132120669987597,0.0225405783158652,-0.0219473252874839,0.0134128581663774,-0.0305372266615292,0
"37","Sample155",-0.038019290930865,-0.0601371042977151,-0.0212309880569462,-0.0648198919874696,0.0157859152603314,-0.0041080520398663,-0.0276860246852602,0.00463444649321089,0.00696471821885302,0.0163519083686097,-0.0177635978572766,-0.0244795214894957,-0.0276100290856365,0.169482095156346,0.00148456242317758,-0.0731324382916338,-0.0191738041703067,-0.0261997106700489,-0.0107242887078371,-0.0462982704683119,-0.0199958053527673,-0.0273062981914597,-0.0048579122511918,-0.0348062544553621,-0.0118609039869535,-0.0310734975412304,0.00080229821091285,-0.00718251410070745,-0.0109229965988424,-0.0594968524734913,0.00398456791889251,-0.027741214904977,0.0431132750816531,0
"38","Sample156",-0.0444937733773189,-0.0413032107775324,-0.0266359545141135,-0.0202861362833784,-0.0163214826958921,0.0926653938291664,-0.00575894019970831,-0.00834825088586072,0.0132519823779061,0.0166471493792336,-0.00227707085428148,-0.0093113857149214,-0.0183251392162467,-0.0170917012904453,0.0153868784025242,-0.0360020262296782,-0.00521198932268265,-0.04199406552186,-0.0974052587642709,-0.0251448538135774,0.00859638368931345,-0.0172711176085514,0.00661103859150013,0.077968457529754,0.0511276315615268,-0.019810349605422,-0.00571920806170986,-0.0201322478561258,0.0219273840979475,-0.0499539117965524,0.0205929047606478,-0.00547968759479278,-0.00792603500048059,0
"39","Sample158",-0.023985896987757,-0.00779720270166385,0.0585870671621948,-0.0361964352622233,-0.0235637801131108,0.0298022920679154,0.0514213887633314,-0.0231032317488012,0.0366516572800156,0.111245211320668,-0.0233228851996183,-0.00021937429156049,0.576391496717173,-0.0415575950214264,0.1287965053648,-0.00645833790248019,0.0708412518297693,-0.0211846730555539,0.0271650985474881,-0.0288963492668721,-0.00683892287505151,0.0210409225160645,0.0389479115001791,-0.0639369766162672,-0.0198685632376453,-0.023317966623262,0.0296814945930085,-0.000183072176377882,0.0884830520911424,-0.000743965407946884,-0.0252403070110826,-0.004375517782626,0.210560036676276,1
"40","Sample159",-0.0237595747652982,-0.0596910713521313,-0.0201032470978838,-0.0421473792446191,-0.0224657046744204,-0.00902507951745519,0.195918604713531,0.000176805447507503,0.0481467562243514,0.0316612449028878,-0.0119245615183326,-0.00255071718105528,0.0311501480699097,-0.00854971706442594,0.00478227899875066,-0.0307179863297981,0.0168294444956445,-0.0580427752191197,0.0197496860930991,-0.0557722547641556,-0.00918632562588642,-0.023940047152341,-0.0162506468460713,0.00913510914425943,0.0354262421805812,-0.049612750556451,-0.0201717031737581,-0.0182661122471893,0.0424901276015716,-0.0427780699156789,0.122266775327979,-0.0213272092764524,0.0685750484258578,0
"41","Sample162",-0.0284196829984623,0.0256657022833866,-0.0078524390575343,-0.0424840407266478,-0.0327174000979954,0.00735372827826666,-0.00210622628220811,-0.0271495519521935,-0.0294052482828589,-0.0165351718861032,-0.0270091633646592,-0.00206629507076759,-0.0212698234128135,-0.0473370138711856,-0.0205042404473358,-0.0321485486000887,-0.0229707533683628,0.00979127869498402,0.0458877430844201,0.0140260080606847,-0.0421207793573299,-0.0106545744551315,-0.0251835997446078,0.0532675886757853,-0.0303912624010633,0.0416566389300655,-0.00510042211467221,-0.0152350593183209,-0.00716707713639222,0.0063475618442899,0.024595473770113,-0.00244253536007719,-0.00613302055198028,0
"42","Sample163",-0.0120565024659124,0.0888532609389332,0.0740889473403941,0.0949943630597458,0.00350953125060046,0.00814669822456583,0.00631084787466346,0.060321653629744,-0.0135417662980109,0.0662949112712629,0.0486733264462685,0.0873016290095924,0.37173877011106,0.00675022774330664,0.0738312851928429,0.0590443036777369,0.066323055683733,0.11180259997387,-0.00767107539282884,0.0621951262157871,0.074421103663724,0.0880317131735544,0.055948356626337,-0.047174955383653,-0.0387542757584233,0.134786009768687,0.00236222728152996,0.0452059797338044,0.192490480816002,0.0973705041592183,0.0691023327365196,0.0145595862522474,0.100008289950584,0
"43","Sample165",-0.0408446891127319,0.170089355287971,0.0394918361874178,-0.0151201761753383,-0.0623427157678475,0.107459507038677,-0.00624063609199954,-0.038028943752429,-0.034511345874161,-0.0416002616072307,-0.0317161829019352,-0.00316129860184252,-0.00923140572252999,-0.0407446756123054,-0.0276685125490213,0.0248940492633746,-0.0329583511857166,-0.00191554428348042,0.0141243236030929,0.0435124015950933,0.00502707042714129,0.0219475883683361,-0.0219447084271469,0.0876499162446978,-0.00331167494237206,0.0925486721935891,0.0124915415440425,-0.0132988823469557,-0.0633420537841365,0.0696764440814855,-0.0518685930413043,0.0611470848492549,0.151958529067322,0
"44","Sample166",-0.077170628473442,0.0838706151868854,0.0204928301806781,-0.0555801031058623,-0.0405702405885298,0.00573075491589559,-0.00917648338056458,-0.0282099543684091,-0.0130949113659602,0.0240206000653664,-0.0324789184341811,0.0102753401963446,-0.00722471412184845,-0.0240237539324929,-0.00220978024306126,-0.0253712587757338,-0.022731664674315,-0.00280619783703541,0.0732904919351639,-0.0198189981839175,-0.0117714558559924,0.0119057999834577,0.00289201581892597,0.0408265017836789,-0.0353943966235911,0.0174220488511916,0.0123031664191995,0.00530215711395957,0.0234352983369372,0.0180840113227738,-0.0253016360308446,0.193635354294695,0.0874714907632359,1
"45","Sample167",0.0111351650648469,-0.0317146497196412,-0.0311060470898929,-0.0243460992674216,0.018909636780033,0.0495205605662197,0.00525491176325787,0.000131918870305282,0.0217862220735136,0.0158783051716307,-0.00830114163975067,-0.0127288742940062,-0.0230567733165043,-0.00853882716409918,-0.0138271668287333,-0.0398745764237374,-0.0125085869121563,-0.0262740059758845,-0.0447083227252245,0.0268102843554734,-0.0146731999310488,-0.0203710206294657,0.00784695425048411,0.0805558338186999,0.0501430939755645,-0.0281806422841592,0.0254333541068032,0.00924497838637419,-0.00499665168778405,-0.0338904549932481,0.0293019577623819,-0.0257960125008484,-0.0216550123679773,0
"46","Sample168",-0.0660618624744993,0.136380655673764,0.0149792737460199,-0.0485087181324832,-0.0595407693953939,0.857772165594207,-0.0203286584329957,-0.021862229129896,0.0284570038393205,-0.0155776257096295,-0.0216176075714996,-0.00895156015317367,-0.0115299900018897,-0.033809285211608,0.0138445635367222,0.0196684891621575,-0.023505472231272,-0.0132722714458677,-0.0522532958607534,0.0192805397579609,-0.00822297201059006,-0.00256593723082568,0.00459912262170105,0.210509789440321,0.012105939941083,0.0698476261919774,-0.0163201802748181,-0.0299083736371573,-0.0504186540416714,0.0426938688775558,-0.0304464676781894,-0.00731386056448789,0.109504914382407,1
"47","Sample169",-0.0192967055118314,0.0660276819703808,-0.0134654233463197,-0.00370214835043284,-0.0605279886326126,-0.0102562488014797,-0.0170519847288985,-0.0291182629912884,-0.0370709754838055,-0.0568427340940215,-0.0225083985067877,-0.0135702259877686,-0.0501273637756733,-0.0119011873732552,-0.048346092402308,-0.0199417232332756,-0.0338324428689716,-0.0137285620002785,0.238333747671376,0.0337538013247826,-0.0395273547450171,-0.00844086892851616,-0.0397680140551686,-0.0295989605861728,-0.0345184988977315,-0.0122085095614822,-0.0191004600581661,-0.00652106863100828,-0.0531397824682591,0.00236647733243712,-0.0526470500327755,-0.0319474555065548,0.0454728475443048,1
"48","Sample17",0.0755527506168518,-0.100265268234937,-0.0197813879291106,-0.0302977581498212,0.0811007284102039,-0.00916496404203828,-0.0294555717704839,-0.00164610785780846,-0.00694175044201959,0.0495469459436545,-0.0117436188128362,-0.0284667877842354,-0.0062916861522747,-0.0210768100547415,0.0127113905482601,-0.0671407606237708,0.008935535904382,-0.00867911299989337,-0.0569305790429929,-0.0770238952640505,0.0104996570220241,-0.0320669471590263,0.00621152496614979,-0.0425543834284775,-0.0174133125580102,-0.0442292786862238,-0.0133563834728026,0.0347232505756632,0.0254753440442239,-0.0637117482662627,-0.0097265658995181,0.0355253205523321,0.0137605477691063,0
"49","Sample170",-0.0488747193292494,-0.0567138228422643,-0.0560786039674775,-0.0476204599039463,-0.0328561271443818,-0.017027107085437,0.050291505109898,-0.0220397419823142,-0.0214258893531019,-0.0405006729321318,-0.0185718214991702,-0.0368317500623638,-0.0572639664586374,0.0429388889305886,-0.0556740754357366,-0.0539019140752554,-0.0542877386780275,-0.0441041402525258,-0.0614729081180142,-0.0193061648072553,-0.0259038942161718,-0.039356041734509,-0.037721455709063,0.00412810019698037,-0.024458569592643,-0.0331717706386609,-0.0256407835637015,-0.0387694924547788,-0.0592171241755944,-0.0399950626272587,-0.0200676302451444,-0.0306426372916068,-0.040151325632255,0
"50","Sample172",0.10384933322936,0.0237679700491799,-0.0102934289446403,0.128865264569448,0.0546955309406445,-0.0259825264842785,-0.0040426074720329,0.0434284029432082,-0.00878402877751524,-0.0277245247626142,0.0723312572160402,-0.00317575236053653,-0.0192617414518702,0.201874910064467,-0.0262234383633994,-0.024207827205913,0.0034851489936903,0.00376877530494944,0.0783614552474329,0.0041333837685102,0.0368082519863583,0.0512152783462031,-0.00456809164773743,-0.0375529848681736,-0.00522237191312408,-0.0153932550490902,-0.0254624231874195,-0.0161638815126286,0.0100585555552523,0.0101137471717484,-0.0299026079394161,-0.0155244655072645,-0.0451920452069667,0
"51","Sample173",-0.0159075894608123,0.193007510047184,0.0493917775223064,0.0346187640324073,0.0382293580177965,0.139522257971614,0.241287570496819,-0.00278326831328277,0.0316409480662355,0.0404160642187563,0.00514375728725588,0.029085863434523,0.0125980122282571,-0.0170272437440735,0.0303351271154519,0.0795687360219674,0.0281441390765499,0.0904589587123058,-0.0607451104364404,0.126309828154685,0.0394353675491142,0.0624001184088129,0.0377464644295474,0.0642204946577309,0.0286045426283621,0.139606388699467,0.0583644075458671,0.0925556162353662,0.0893317281435389,0.102599980433406,0.0370012592840589,0.0431414802634334,0.127356231753219,0
"52","Sample179",-0.106091768558483,-0.100488698267193,-0.0639888006473997,-0.122818387493065,-0.113827311674219,-0.0895251271287268,-0.0578263242961543,-0.051405766489515,-0.0662227186409481,-0.0613960459504907,-0.067472405558638,-0.0401473784281941,-0.0854128588473293,-0.0601282447022844,-0.0780773088510506,-0.0974156614883709,-0.0763452466884914,-0.0903386336125292,0.143395384155536,-0.0501599032869343,-0.121896039648973,-0.102801354623642,-0.0753269498084926,-0.0438752218254079,-0.0723873402627584,-0.108546564891974,-0.0509651161823681,-0.0491482409692454,-0.0900455990066468,-0.0881296804036802,-0.0228029597987234,-0.0387550627078719,-0.0728889183062879,1
"53","Sample18",-0.0627353017839501,0.0268053631730635,0.00358233938305765,-0.0384794576414973,-0.0358801330457626,0.00260732526382019,0.0123225148730042,-0.0270745140995957,0.00226505416126301,0.0148571755192569,-0.0266170739266452,0.00269274480932963,0.0119305706755654,-0.0444818014351468,0.0100298081963503,-0.0044553734223173,-0.00900110801260594,-0.026241943654212,0.000882191666598119,-0.030224622750033,-0.0215896356072481,-0.0108191704036055,-0.00580801059864557,0.0119768669618799,-0.0465831348401201,0.00106811208896167,0.00162600166761954,0.0092562194085944,0.0577625238985985,0.00167007793161504,0.010074095185428,0.00826752606193209,0.0840044143367273,0
"54","Sample181",0.0503894601860979,0.104685936744432,0.0203516804255504,0.135558172625978,0.0583512902177798,-0.00796125584799326,0.00147684151472673,0.0179564647182567,0.0337443883934168,-0.00289424558452669,0.0211690622860479,0.0303090151456207,-0.012754650499355,0.068581042065796,0.0149828318043842,0.0800946599505718,0.0283323601985049,0.050604132581488,-0.0624052453564953,0.0440095135367551,0.03579121123231,0.0615342433781241,0.0290361838887232,-0.0429874352065221,-0.0174866206592594,0.0618464928639131,-0.00857017251282561,-0.0280573064860451,0.0666274132929647,0.0641655645294658,-0.021801303127695,0.0347657200595403,-0.0243402675936061,1
"55","Sample183",-0.00964291235432333,-0.00565245970776498,-0.053020913262878,0.0063872166315847,-0.0822956716458198,-0.0649926003812434,-0.0818187489551625,-0.0178140015880914,-0.0866221786957536,-0.126188668731404,-0.0218477092158223,-0.0249350743405491,-0.0727710583058224,0.0111099484753885,-0.117226412827674,0.0310546121322139,-0.0713053135540515,-0.0283546298870001,0.035972699220394,0.109899979000287,-0.0992204351866611,-0.0200408679082302,-0.0688268709104546,-0.117251624995306,-0.0404047078680381,-0.024569401197263,-0.0855579059284283,-0.0228662112539863,-0.135008768228083,-0.0120832620054525,-0.0100611371643032,-0.0623306015549161,-0.165154146925419,0
"56","Sample184",-0.0271585621459137,-0.126944963322662,0.0035697642374625,-0.104888878325182,-0.0233797900767198,-0.0146880609122899,-0.0359776632234092,0.00653770869756998,0.113276651694891,0.181282631940917,0.0332492684509024,-0.0356355010175847,-0.0425944012011777,-0.0160007110895753,0.491592952650153,-0.0869364172516896,0.0393553389948157,-0.0578082055533761,-0.161709432846824,-0.0644771381890543,-0.000474603953861912,0.0184655787645288,0.845187860810192,0.0545292027290944,0.0823989341782708,-0.0157661502384226,0.0132799570190449,-0.056103728818585,-0.0972793491624308,-0.0764307102998015,-0.0261633986914683,-0.049554113057002,-0.0762763696088634,1
"57","Sample185",-0.000221066589149199,0.0383645881456353,0.00100350479466863,0.0559002941092837,-0.0148241514859277,0.0660228566214076,-0.0204570233240376,0.00817026132882058,0.0322507923487768,-0.0259271584492469,0.0100444059182838,0.00360415640426937,-0.0240862925438274,0.0674381811356982,0.00627585397703993,0.0263701240450528,-0.000601304481000149,0.00386407028077943,-0.00842941811989472,0.0574412554827955,-0.0143743155866222,0.0260645481709714,0.010693795792951,0.0559825726456704,0.0632467987930623,0.0565257662342442,-0.0357001173251408,-0.0330731214079036,-0.0379156815788773,0.0160807703678787,-0.0135504543272862,-0.0181936370323811,-0.0382823545925897,0
"58","Sample187",-0.0256435306536418,0.0188868541800295,-0.0119907918844002,-0.0311202667185258,-0.0349422714020113,0.0169956585586058,-0.0182295153955583,-0.0320431499013946,-0.0368801491069126,-0.039895504161199,-0.00509818086673117,0.00525901261284391,-0.00945245386925401,-0.0324052910458707,-0.0351736855079762,-0.0282812801700259,-0.0399204662236981,0.00612025179957508,-0.0338616287160058,-0.0234298191711944,-0.0317640387687434,-0.00893539788893795,-0.0278678673138022,-0.0432267178549724,-0.00696817699871604,0.0517543417379398,-0.0242551853727351,0.00956166037508555,-0.0278404297444864,-0.0143394063910239,-0.0486114121178003,-0.000263827940552609,0.0461485994389923,1
"59","Sample188",-0.0700272070937956,-0.0309236411713624,0.00324122547752305,-0.0464382071332025,-0.0741558865068021,0.0148557167059575,0.0123665133509246,-0.0287384940657972,-0.0148726850711538,0.00464889466947266,-0.0240042593168967,0.0014341741760732,0.238461063486058,-0.0426934342511328,0.0102926613159249,-0.000881553777088421,-0.0178863114600451,-0.0301105944095633,0.153194832982168,-0.0213792802951122,0.00614539339785715,-0.0183043012156195,-0.0230681907258694,-0.0746588686645966,-0.0579430442315207,-0.0466766097594918,-0.0158138558917739,-0.0174134336780248,0.0340415295156616,-0.014640062757255,-0.0399270536644769,-0.0391754313603961,0.114622317142101,0
"60","Sample189",0.0279133193362445,-0.0899406751287777,-0.0506771586466809,0.000393568559145751,0.0805607724603775,-0.0323429793917139,-0.0546361691476558,0.0756922677970004,0.0030656902211391,-0.0188447652257956,0.0738972293707666,-0.0346651011324538,-0.0384851507720911,0.749191917873984,-0.0301759343031822,-0.0665787541434665,-0.0240792104292605,-0.0588948643301433,-0.050354776694404,-0.0356343038361529,0.0571112048460058,-0.00123164747546727,-0.00933708049163758,-0.0203037772789008,-0.00392186412386793,-0.0689786482851019,-0.0308903322554273,-0.0349074155636525,-0.0332738666247522,-0.0629072000212874,-0.016848962290997,0.00441777380989514,-0.0664636405568017,1
"61","Sample191",-0.00527390795339373,-0.0303170009054897,-0.0139766471146941,-0.0468044202635319,-0.00866761861032958,-0.0144837537578529,-0.0127155202246281,-0.0179370487989126,0.0436834304856284,0.0340422917457124,-0.0227679186243585,-0.0176867359128871,-0.0358445236228562,-0.0257195214581853,0.00659379116766983,-0.0490671316616501,-0.0093141209112586,-0.0314069513994641,-0.068359092919385,-0.0293618337406404,0.0167285404638819,-0.0245006204518631,0.00718426602748941,0.00253847890785455,0.0670862415107087,-0.0375237918915521,0.0208482063568969,-0.00590157624973721,0.0341316656477963,-0.0225617532035898,-0.0102870101752746,0.0155681242605793,0.0860227223039999,1
"62","Sample193",0.0151586887642033,-0.0577983504876236,-0.0207104390164389,-0.0167466599965533,0.0826615618647621,-0.0331872019687412,-0.00397301216130968,0.0169784986165229,0.033337217655165,0.0534971121709327,0.00203666094773189,0.0037604995379849,-0.0043367046210795,0.0639680170749063,0.0236052836201781,-0.03826831728159,0.0176069858124552,-0.0110179114207367,-0.0593809292072858,-0.0339906476884363,-0.0199350211247504,-0.0118078435651487,0.0128978546237978,-0.0217857665003295,-0.0205656726289329,-0.0297986627749339,0.00947145971434609,-0.00654347460155091,0.0878984610182384,-0.0463656985225436,0.00821108468968047,-0.0434894907451311,-0.0190957084111375,0
"63","Sample195",-0.00243562115953117,0.013217430668328,0.00225107549780617,-0.0143432726814282,-0.0218285060663214,0.0261997520999966,0.000634318480596218,-0.0207281697070251,0.0249962961709858,0.0168591197184046,0.00793285325242016,-0.0171621270273043,-0.0288386931755867,-0.0197243846437624,0.0397405316033076,-0.0292636785824481,0.00283561368745996,-0.0274406852847555,0.0093297434153155,0.00271418454534165,0.00876172643192025,-0.00276919736997847,0.012247755440718,0.0552121394168608,-0.0292981864561761,-0.0147991973061738,0.780208543299971,0.000909437861148437,-0.00342918362760908,-0.00907374878784162,-0.0190567329548018,-0.00981987658290756,0.143394610750393,1
"64","Sample196",-0.0615782287197047,0.0200192682573121,0.0227372961391149,-0.0679554453322358,0.00531479832520205,0.0394872417885302,0.0454837371649415,-0.0158037350823401,0.073149599555574,0.0957239942557003,-0.0228329964947272,0.00607225196468541,-0.0306416820954739,-0.0118609083375995,0.052551043525573,-0.0352068378035396,0.0172258556824522,-0.0115661214068529,-0.0332418170657503,0.0194130687194036,-1.56802178824709e-05,-0.00515968098489207,0.0265550979703612,0.219640152430273,0.029339142103755,0.0269570203923484,0.105092755977257,0.00617594644206603,0.0641180986779964,-0.000559035165000663,0.0910600733751451,0.0233493760889605,0.145185497549634,0
"65","Sample197",-0.0657253281625789,-0.0371071229919666,0.00306663422258457,-0.0765959170229532,-0.0210758249559911,0.0409472235120817,0.00764012330980246,-0.00207887225337003,0.0890559380336773,0.102531193796581,-0.0188572255303166,-0.00589189020047022,0.0299318880784342,-0.0162917498510052,0.08766842046613,-0.036859380547864,0.0233131106482147,-0.0209173186793413,0.00525971812959377,-0.0278479890238793,-0.0265871051697282,-0.032011051357657,0.0361519044482019,0.011778392847775,-0.0296834911397709,0.00438123669602776,0.0279789433438156,-0.0394845902877258,0.0418155194941206,-0.0366088806941564,0.108609614728144,-0.0245648849425735,0.123319994364484,1
"66","Sample20",0.0830491976223952,-0.0393725559092756,-0.016027712484844,-0.00832286688121619,0.078399459228056,-0.00584633629148718,-0.0315763409962731,0.0233557427181015,0.00835065342019309,-0.0118642695735556,-0.00845368498156045,-0.0204368877229429,-0.0405450566065473,0.0136134130189253,-0.0145637701761173,-0.0645194143080606,-0.0156400069289037,-0.0171439259936938,-0.0250374334361163,-0.0318551569455564,0.1915741051733,0.00370349997560842,0.0112190416857963,-0.0378532286640559,0.0140254608583378,-0.0361956834451781,-0.0288782628789843,0.00538600612964338,-0.0208410574824988,-0.0117712419830422,-0.0554119208017137,0.0547048917929252,0.0196736799984259,0
"67","Sample200",0.035048979744136,-0.0153126997248466,-0.0117158564518918,-0.0186493337321495,0.0455034797159433,0.0887481195580504,-0.00478698285740268,0.0302389962506616,0.046184378167159,0.0297275815592518,0.0397544564093591,0.0186706272361392,0.0113171568444639,0.019369404741537,0.0276258135109387,-0.0413994797844986,0.0152007092204236,0.0112557407500096,0.0398472882572267,0.0266314412100266,0.0307105300924683,0.00448564223241069,0.0182803984518554,0.109046778762504,0.0686295544359002,-0.0177946187651787,0.0145774307807901,0.0330238890227871,0.0039525079372171,-0.0133256724383657,-0.00160523623362785,0.00738000599111877,0.0537749047658246,0
"68","Sample201",-0.0498200838750089,-0.0462753996989292,0.0647049303530268,-0.0431279539970145,0.101228497286573,-0.00400914221404307,-0.00785004980915715,0.0397969844040074,0.0803447028203899,0.168364020077815,0.029294261753873,0.0171334833334743,0.214901486286397,-0.0127456785719625,0.155580413948407,-0.0277792151853882,0.0933550534948812,0.100799083362476,-0.0426658515766059,-0.047923477729916,0.114951116679525,0.0247209784824391,0.100509671871217,-0.0426073225383543,-0.0298124602815617,0.0470956629247812,0.0239978745009229,0.00147919245454492,0.143084695988238,-0.040697818183799,0.0135526912106104,-0.0192250078519683,0.0103424673936146,0
"69","Sample203",0.0120247303647594,-0.0422427829905418,-0.0132157813690416,0.00763344251759044,0.0472639910163452,-0.0230110328799563,-0.0221928960766467,0.0158213942888333,0.0249128825364857,0.0432968875035843,0.0317819354275151,-0.0173924636659896,-0.00896703562068204,0.132574944125809,0.0285286511675632,-0.0404518172871044,0.0082183449826032,-0.0141420398062544,0.00920365648968596,-0.00994015589613718,0.0693859567047587,0.00323911147516518,0.0144017529304584,0.0303489305972777,-0.0158293122706674,0.000110005467504106,0.421101617890159,-0.00253373549187439,0.033222776322149,-0.0237973069680907,0.0126532034430193,-0.0161542256545348,0.0360314662774056,0
"70","Sample204",-0.0300445396749316,-0.0647664938350273,-0.0115728007017774,-0.0378667785434637,0.0342096567453309,-0.0268119137142484,-0.00955447637279027,-0.00152046436686398,0.0121778298510165,0.0530501408292071,-0.0221220609894392,0.00688710813966871,0.00331710321161239,0.0222705865166994,0.00599277887710696,-0.0243653200761294,0.00553568782866239,-0.0269791265328542,-0.036594949942061,-0.0445502860712758,-0.0313824414565278,-0.0339822901543071,-0.00343295257816666,-0.0399718741525283,-0.0272966612150607,-0.0322288615742452,0.000398547842655593,-0.0296183735356144,0.107618306039614,-0.0428054706865958,0.0274413520510596,-0.0216485713402121,0.0308539181213073,1
"71","Sample205",-0.00493972390219236,-0.0762589305220797,0.000138698861871633,-0.0529641932603723,0.127802455830313,-0.0118333993323995,0.0123719429942494,-0.0121444478447479,0.0549102394850659,0.141628068159044,-0.00550114228088423,-0.00269191636453434,0.0158233818709766,-0.0137915450013877,0.110662523803209,-0.0532998904151062,0.0459702777094997,-0.0243310518502753,-0.125861388206231,-0.0550315660440684,0.074010679669941,-0.00915968905647457,0.0504541238902722,0.00811499050453842,0.0370701561749845,-0.0222544653904671,0.0533757043689831,0.0112060053796645,0.0927197766828721,-0.0385158609850364,0.0212583694099878,0.0115873107767012,0.0879995940515042,0
"72","Sample206",0.0589943916310313,-0.0304907744809039,0.00228202148429561,0.0952696027940268,0.118861772586182,-0.00993739187194759,0.013492805123913,0.035295033105146,0.0386480487249659,0.0375978432045487,0.0733929674050429,0.0140943151144943,0.0594312592709588,0.0019960599309725,0.028344398384244,0.00145064588925163,0.0408434601179192,0.00264982142765615,-0.0154765313438086,-0.0189539852485944,0.184203261869535,0.0365523871826681,0.040098658828712,-0.0673945416019344,-0.00313909716508398,-0.0197426364724452,0.0272052244238864,-0.00908414574220602,0.0875475134426732,-0.00440586023135417,0.0245032332169137,-0.0212210816807062,-0.0138901413416698,0
"73","Sample21",-0.0713698256280264,0.0270178714586133,0.00317303546848033,-0.0706904793276358,-0.0474748129077118,0.0457460712714944,0.00252530369076378,-0.0267068012836802,0.0496917457214486,0.0281877029595896,-0.0332228576741384,-0.0155461328282096,-0.0453144285073144,-0.0281090039267724,0.0347420158635581,-0.0391922086526099,-0.0216908808843435,-0.0535494423671459,-0.0469644294074062,-0.00862727671374864,-0.00232979934267039,-0.00211568798827656,0.00837678796488965,0.548709647999214,-0.0215051199016629,-0.0277382553430108,0.0562294005669697,-0.0127531840670303,-0.00034901937600635,0.0216251662566179,-0.0349791891148463,0.0176244517868146,0.145172135632337,1
"74","Sample22",-0.0823038736157016,0.0205221789633589,-0.0148016952059411,-0.0480661010462252,-0.0592414359872081,0.0070443732784785,-0.0159086777107945,-0.0304050866784807,0.00417619915037573,0.00439025564393385,-0.0226369995752415,-0.0219768567613538,-0.030768335383495,-0.0308044754909163,0.0015361962976712,-0.0116587770539252,-0.0294882176316132,-0.0203307137614776,0.0185154233630775,0.0102194094577327,-0.00950767714588305,-0.0203325119464398,-0.0131500249332083,0.151671624070911,-0.0360697704161448,-0.00752751530822495,0.0307503497629409,0.0051504093944301,-0.0179023498823281,0.0113873346192291,-0.0414636204855563,-0.0386165029582851,0.0488232340189748,0
"75","Sample23",-0.0648717879776527,-0.0175206839736899,-0.0146575938212918,-0.0363451277385362,-0.0410792086013732,-0.0476213248054286,-0.0151441314542,0.0157121723635367,-0.00984576679458298,-0.0166058904627826,-0.0191747192967716,-0.0119630310157464,0.0423573594059634,-0.0296552376925116,0.00802181450167514,-0.0397315971192228,-0.0291859256311104,0.0259839246082544,0.000437147237916377,-0.0306625842090148,0.0236215459529433,-0.0257327482521802,-0.00875719469533043,-0.0359978981406931,-0.0485834333581603,-0.0313015549281447,-0.00452055421520406,0.00472298496438126,0.0403944849823575,-0.012898381920393,-0.0399815803704403,-0.0186085913917394,0.00345425201072364,0
"76","Sample24",-0.0129052117773408,-0.0810273293452976,0.0628013172240563,-0.0384835441468169,0.137494453586746,0.0269918374969763,-0.0154440369740522,0.0804969130671974,0.130094781056052,0.224850299921737,0.022313803816719,0.0267821418572676,0.124449840586094,0.0130637307766455,0.195871642486575,-0.0393609800846153,0.0915734932412536,0.0800847625058961,-0.098410313726968,-0.0647656304162595,0.0687098435531813,0.027378187424253,0.116871515158366,-0.0050120680163028,0.0157323554590245,0.0231789399763237,0.0691884958652423,0.0436250376192827,0.145722666870325,-0.0596922219553911,0.064024796256372,0.000869088770722621,0.042905853029998,0
"77","Sample25",0.00593484127582235,0.0526244591289018,-0.004609326785151,0.104543035783082,0.0156661520579971,-0.0179911636469153,-0.00316438714733945,0.00529626895241323,0.014290405218413,0.00196101455619422,0.0365091902436868,0.00529711044151582,-0.0206562451073405,0.00990019955128794,-0.00900610718637624,0.0588076488458372,-0.00224343784717455,0.0164670038379475,-0.058533165112442,0.0215135761449928,0.037208567228824,0.0350728894301257,0.00757485824609346,0.140568113341322,0.0337973817695091,0.00619452303840223,0.0271463950025509,-0.0105615546263496,0.0541711774077098,0.0484793078533431,-0.0251419816799031,-0.0323669726157193,-0.0127665489738474,1
"78","Sample27",0.00658306450104138,0.162040100574906,0.000255902773456373,0.0624427744423209,-0.0395166166400714,-0.0307081082358673,0.00248671920836616,-0.0246578645081322,-0.0374783876754514,-0.0697298181619854,-0.0303952507554499,-0.00114908955251794,-0.0260327728418959,-0.0445841390217706,-0.0729646179630084,0.13767460733079,-0.0318470840141144,0.0488101343064464,0.077334752031563,0.0862669082464673,-0.0483740794977224,0.00751046954815939,-0.0447091860949979,-0.0227980039291787,-0.0572567556659493,0.0716108146314429,-0.0427430563854329,-0.017593461520256,-0.0516441397401098,0.0862744094533237,-0.0289949601645131,-0.0519466234776506,-0.0329710351039467,0
"79","Sample30",0.0598350279764938,0.0594779045565551,-0.00953821612047049,0.204021786427075,0.00539199047459341,-0.061857952947274,0.015772448662846,-0.0197542747464221,-0.0732547742253238,-0.0874909344674041,-0.0367636485803805,0.00212818516548616,-0.0424601057289923,-0.0433467930947495,-0.0864260503367999,0.400860689529781,-0.0181115789059449,0.131723947838799,0.0175568721985409,0.0741740188138321,-0.0627888440795367,-0.00715055217727871,-0.0432709242288322,-0.114951620140748,-0.0544999146028485,0.0234319543411842,-0.060375488168453,-0.00910874118372425,-0.0363603031476751,0.0464042250468936,-0.0108877766169899,-0.0285775240884542,-0.141344973642615,0
"80","Sample31",-0.0541398272164699,0.000971371668494117,-0.00972249853389787,-0.0464534669624603,-0.0358226590133955,0.0159601579713759,-0.00998177326470236,-0.0256146670776479,0.0111512284324863,0.0395649329734387,-0.0215113328797126,-0.00064779798596656,-0.0356752619893953,-0.0220048626282523,-0.00367811286481703,-0.0223999574421282,-0.0128348250543029,-0.0211207644323787,0.0713436787937615,-0.00450393400961794,-0.0381184478617651,-0.0193665259359972,-0.00636192186110346,0.077868655399134,-0.0351132249857805,0.010730383757512,0.0340407641451102,-0.0440595883086449,0.0289835426890706,-0.0261743590572459,0.0423644751173328,0.0123511090023271,0.0115913166866626,0
"81","Sample32",-0.0635384598727855,0.149668594744046,0.00661869837786444,0.0379597895620985,-0.0666471256192988,-0.018534906691591,0.00944810726108763,-0.0322992613926228,-0.0221200751869901,-0.0722792103996358,-0.0384353894862718,0.010499292760497,-0.0539242789566898,-0.0484482191133941,-0.0706391631393398,0.150799449080537,-0.0413542213509451,0.150921617613591,0.0859134747971215,0.142975022902922,-0.048049362821156,0.0125222678280395,-0.0176343666840356,-0.0259512823501231,-0.0519135179950989,0.0910770163441199,-0.00995080955057986,-0.0505014096650641,-0.0459151141230157,0.0799058168523396,-0.0356928386287802,0.0379753311472865,-0.0936070798624072,0
"82","Sample33",0.183087941803918,0.0342373650027963,-0.0239648119861088,0.454232291646467,0.0835726971317466,-0.0418614243588719,-0.000835329022404962,0.0114060804929711,-0.0355910213605902,-0.0659772174498155,0.0648208588469617,0.0190033468195109,-0.029988099714447,0.012918500617901,-0.0584865841992096,0.107428087141795,0.019295081526504,0.0530130547436199,-0.0836803437860014,0.0175269803882591,0.0417906230037074,0.0704963853554899,-0.0019842506811488,-0.0735156558258196,0.140218608271171,-0.00842246729022759,-0.0312769718587516,-0.01320756434499,0.0105630469686183,0.0371256207261554,-0.0291238522271407,-0.0327059514826454,-0.134843021931783,1
"83","Sample34",-0.0172645155123433,-0.0479745688152641,-0.0150780497609526,0.113522899699981,0.0255430243225565,-0.0019211241584187,-0.0336114522864567,0.0217878698687198,-0.00905228789792413,-0.0242222946816277,0.916358611687407,-0.00409811942111281,0.00554299748412112,0.0482167985994358,-0.0150662863684415,-0.0273855552884867,-0.00426644038301617,-0.0236196192424917,-0.0466796193258834,-0.00541883387555975,0.0889831367398172,0.0256795024564636,-0.00245761071462693,-0.0433874326658761,-0.0382812876639541,-0.0423693842675601,-0.0125077717443764,-0.0445833814973155,0.0272072321823576,-0.0289696656089569,-0.0143675592007632,-0.000577916545656924,-0.0633916961829762,1
"84","Sample35",-0.00521327033534845,-0.0628656331220141,0.0106592172142394,-0.0297244081435594,0.0872124328960315,0.0139000460297169,0.00350414273448661,0.0286596027528203,0.0597432847111261,0.131759087659178,0.0289561453287056,0.0129523120807761,0.00285897752254867,0.00874432978559498,0.113358937703135,-0.0413115682704792,0.0760296328637888,-0.0521343155839565,0.000424219020852893,-0.0383290801067245,0.015083392188439,-0.0027310689281893,0.0429267238454586,0.0828392194411429,-0.00161608914079186,-0.0407981779194022,0.0442238294866816,-0.000600502325612875,0.138769837351746,-0.0454863884753079,0.138621427294015,0.00361298964913349,0.031087796317442,0
"85","Sample36",-0.0683425651498925,0.0411553818280532,-0.0297676075512857,0.0305996086986314,-0.0961651006082122,-0.0437895613811193,-0.0106662152908196,-0.00758809133968156,-0.0762097347751131,-0.100880880299926,-0.0232746741086492,0.00181603676023087,-0.0375989024662626,-0.0297920013848072,-0.0971866894411092,0.0863851266655967,-0.0543576647064134,0.0212179328744937,0.142374433112782,0.0244592270365852,-0.0690314262798143,-0.0229282138603731,-0.0552513858882025,-0.0546691089158966,-0.0634458305182128,-0.0119989975394729,-0.0563577412985988,-0.0209782916378339,-0.0550835187611151,-0.0121397212936631,0.00799735549496906,-0.00984433911111895,-0.108001020727002,0
"86","Sample37",0.062393790319055,-0.0295986460743219,-0.0404628765772292,0.0541535368723184,0.00999681749464424,-0.037135028437841,-0.0370873463820081,0.00263257628256768,-0.0606956884121456,-0.0891390595338985,0.0206502471356883,-0.031229356979744,-0.0254740301977407,-0.0243880019542003,-0.0773466217742274,-0.0226100716102634,-0.0353594794240639,-0.00403353002395333,-0.0151264821683466,-0.0218448046378785,0.108547303636171,-0.00516499965386842,-0.0394532560504573,-0.084106730027118,-0.0272125377205077,-0.0477210070519199,-0.0376475341625519,-0.0224470532310685,-0.0792847399189082,-0.0149320062075509,-0.0500331994231309,-0.0111190741625191,-0.106018927384023,0
"87","Sample38",-0.0797083958881884,-0.102913440625944,-0.0751994481072544,-0.0567436981217397,-0.112230366346863,-0.0815336548734436,-0.0616018828963204,-0.0503110016214496,-0.0925722616462431,-0.0977099582635853,-0.05501809644114,-0.0445757150651965,-0.0606423670152525,-0.059855736892059,-0.108315542506147,-0.0164652965152338,-0.0736592025185035,-0.0688740639862475,0.140388085404762,-0.0483086083176503,-0.0992848817385991,-0.0929371352499525,-0.0873608083667603,-0.0718450223920415,-0.0661909390554174,-0.102782694383456,-0.0561987617124774,-0.0499113831172518,-0.0888321540749075,-0.0923321024694843,0.0117016396365626,-0.0779737858730543,-0.10720819702366,0
"88","Sample4",-0.0527947062968848,0.0928134139296419,-0.000593733618632914,0.0197184404378063,-0.0353669043152571,-0.0146135506126866,-0.0112032894194334,-0.00947907765303964,-0.0430072777230096,-0.0533842254204829,-0.0164777910016589,-0.00678156559943604,-0.0340875213057241,-0.0333750139278698,-0.0504092197434865,0.0919820849705924,-0.0473311002017042,0.790435897585829,-0.0750145503634146,0.0399783543683545,0.0140441088914984,0.00245196428036278,-0.00315232138294723,-0.0308510999812083,-0.0493834680809731,0.0877790722027497,-0.0308698651909415,-0.0225946412271189,-0.0223681269887962,0.0473135572956934,-0.00584416218207399,0.0285386151183255,-0.0585045336678379,1
"89","Sample40",-0.0924738544808155,-0.00670753780231379,-0.0451348482301224,-0.070082556336796,-0.129624402625415,-0.0262527080462613,-0.0715023673071054,-0.049509368898388,-0.071366955528833,-0.0948326828541211,-0.0607439196670858,-0.0499977226595525,-0.0361588811671375,-0.0567211713801653,-0.106798051391904,0.0218040502039212,-0.0834318661721252,-0.0273098573334008,-0.0144510101368494,-0.0219329558130149,-0.0934945412866841,-0.0716381294677,-0.0742610002807043,-0.0795137322051918,-0.0654105723694124,-0.0135474532510217,-0.0550338169610401,-0.0890454857154816,-0.127751735937164,-0.0435099165602408,-0.0100966963997976,-0.0277530825615032,-0.0448091529407446,0
"90","Sample42",-0.0696599276365345,-0.112342486560286,-0.0655472814621823,-0.0861310803962415,-0.0761780456078074,-0.0462042922146112,-0.0657194203546951,-0.0394385328257655,-0.0287734419783492,-0.0402171765057884,-0.0557726642287827,-0.053283220697191,-0.0422260517111206,-0.0533064023721456,-0.0488587533548321,-0.059416082155733,-0.0666657973110036,-0.060921552229466,0.0751710028814993,-0.0806641482940972,-0.082995813337397,-0.0893730775829991,-0.0485119985818173,-0.0851130270064713,-0.055189364608888,-0.0783862669761744,-0.0538345323694861,-0.0528178568176958,-0.0706440105024746,-0.0917687350785969,-0.0169587480945022,-0.0445453987190438,-0.0384963830670409,1
"91","Sample44",0.0832457603961164,-0.204764057372662,-0.00830490120941558,-0.0866360333492297,0.0532756982169684,-0.0759596526467659,-0.0576241352301779,-0.0293578151253549,0.0429513825452922,0.0513245133418043,-0.0295764544011367,-0.0479707456040045,-0.0243390349519455,-0.0287992200465532,0.450416487233942,-0.105425399294649,0.815899979424264,-0.110171946967823,-0.0733419007211857,-0.0898271957492822,-0.0870118857253473,-0.073174867115555,-0.0170690382948271,-0.107584044887084,0.023160289626827,-0.124776666475462,-0.0443366688382599,-0.0569068723114708,-0.140407791304374,-0.136466193495737,0.0137624880410595,-0.120906951182938,-0.156720959819916,1
"92","Sample45",0.0508965104849055,-0.0834069135363771,-0.00186577159961461,-0.0392524576541546,0.11434043229871,0.017127377232977,0.0549949052092836,-4.00402536055801e-05,0.824300413792163,0.150830510092305,-0.00837740822335259,-0.00367323275265455,-0.00695698080034059,-0.0125503594995889,0.133011935168129,-0.063098226240409,0.07030862369569,-0.0505709953241897,-0.10089920162311,-0.0587127041264841,0.0114031743637175,-0.00197910828543644,0.0738076307534657,0.0883625973495092,0.133542828626799,-0.0178212039720863,0.0250997539368383,-0.0279669588378823,0.0150735358259993,-0.0609723734104084,0.0214804472005002,-0.00356517753838284,0.0155041487754394,1
"93","Sample47",-0.066162428233359,0.128321323297645,0.0525414972054987,0.0747302795094231,-0.0279646364498118,-0.00727775435204697,0.0425171880337558,0.0261620581901132,-0.0164213326500191,0.014002477291874,-0.014806980083626,0.0667587025484789,0.200509370412446,-0.042090980401483,0.0164984245482857,0.133695280197959,0.0235276279905889,0.117629340380561,0.112673419270083,0.0287633200342828,0.0123323360734555,0.0557403393070821,0.00882118463782235,-0.0622794049521516,-0.0775402638061186,0.0746798008815129,-0.00242241193526522,-0.0256154005303879,0.15732854645708,0.0812727881066065,-0.032733885942943,-0.00110500638058473,0.0250847587011135,0
"94","Sample48",-0.0888392573132037,-0.0762642719381245,-0.0509148590555772,-0.0993566305937071,-0.121203735838914,-0.0536115043306693,-0.048268489740047,-0.0593646071830591,-0.0844750851091668,-0.0891957256525242,-0.0540289223925981,-0.055243702160617,-0.068380847687668,-0.0529776025513267,-0.0838210577762611,-0.0460599339877257,-0.0640150780778248,-0.088418708596632,0.228249616546376,-0.0454554264253625,-0.115775026919417,-0.0843672254639517,-0.0781865463472324,-0.0334221539048068,-0.0713719147764331,-0.0916541522723675,-0.0595528027502604,-0.0478463827952131,-0.138134191540082,-0.0839667537477906,0.0378248334898195,-0.029180244251193,-0.0718212031251063,0
"95","Sample51",0.00747397784750388,-0.0638375778861706,-0.0196374318709625,-0.0629566992939045,-0.0442720534846463,-0.0619976859623371,-0.0615732617006881,-0.0331628680486791,-0.0647166483172016,-0.103240499834601,-0.00245505942463816,-0.0341282119555734,-0.0689266794151011,0.0466881187749468,-0.0640065738186363,-0.0811198104609754,-0.0626364214990535,-0.041237249632118,-0.0796303315512929,-0.0882981844625834,-0.0275152684761317,0.817263411568801,-0.067502345254451,-0.0446542376853915,0.0247072606270005,-0.0309870765687126,-0.0668063684507682,-0.0151967006985098,-0.173544886038597,-0.0171603515840716,-0.0583955034988625,0.0108465982905045,-0.12327620924436,1
"96","Sample56",0.0746006488367209,-0.0108850374075551,0.00499879449226174,0.108243300329534,0.121713541987283,0.00881492274767006,-0.000639160484931277,0.111633189155348,0.0275381901344315,0.040354927761493,0.103389143303381,0.0110095727621414,0.0167113352199551,0.415653570686208,0.0398651652367042,-0.0176499720317612,0.0460785373309918,-0.00672317784205025,-0.0598106061518658,0.00877891210642751,0.100652600303755,0.0627279727830991,0.039636615863892,0.0339008222392594,0.0388116082368988,0.000331589470617034,0.0190646595354374,-0.00387872909649242,0.0978003923256155,0.0264225548071697,-0.0166158212796632,-0.00358430867022404,0.0154494101924405,0
"97","Sample58",-0.0691600598463346,-0.116973634696515,-0.0447210165037564,-0.061185934898623,-0.0389462086982344,-0.0367744387074711,-0.0722400350075529,-0.0293378363910764,-0.0178054448660283,-0.0183107957170551,-0.0310317786823367,-0.0518786340715821,-0.0167214985119748,0.0136412876495508,-0.020086952738668,-0.0690792380050966,-0.0334530848256102,-0.0767336462330682,0.104097617647639,-0.107117191500345,-0.0719842283690656,-0.0544576514901054,-0.0335896066302843,-0.0532086897084031,-0.043505762792882,-0.0852416890964832,-0.0497533706381174,-0.0353632247536852,-0.076542841573424,-0.0928446025540119,0.0481485040759089,-0.0544891876342992,-0.0718442253960456,0
"98","Sample6",-0.0541824376315152,-0.0431608303260466,-0.0628905477176927,-0.0556354192212067,-0.0797455296981293,-0.00183177943560911,-0.0632974089886716,-0.0256029409307996,-0.0731351910527057,-0.0787037811250238,-0.0378525854312051,-0.0456815726061166,-0.0441324338527523,0.0136928173372748,-0.0814955347666147,-0.03342459039697,-0.0627117084964266,-0.0360053236957001,0.101702714397758,-0.0110947434447159,-0.0501946145531332,-0.0653139932185131,-0.0617952112056989,-0.0652931688855392,-0.0492020839855567,-0.0578051186887838,-0.0774865202919265,-0.00227461479208494,-0.117102909317614,-0.0487262322405724,-0.0364252812987233,0.00720330560497242,-0.0542811169525551,0
"99","Sample61",0.175135083038376,0.229153246841669,0.147079876806638,0.518003574208119,0.116698374917987,0.0935482702379178,0.124748546116157,0.152125947387062,0.0317955625035916,0.0120348230256341,0.0878610721826021,0.943161311497027,0.145431640863046,0.0665478310856421,0.0813066047947054,0.361292315843966,0.179162293200023,0.1953828622213,-0.149058843864728,0.389840839459977,0.0736838273066223,0.207723126248181,0.175461416853082,0.0117716791731383,0.183476889873511,0.179566582054032,0.0283829681144766,0.224021376117218,0.231943339451004,0.360173048264487,0.0744766594586199,0.142243881480637,0.0118528058624965,0
"100","Sample62",0.0710753067023593,0.0498926653402361,0.0522049591850959,0.0429932045195515,0.150547717324702,0.00118739603602267,0.0284197146671475,0.029801909129373,0.0689389110679433,0.0801274928165415,0.0408018770257115,0.00355947912586875,0.0378157899079838,0.0192328402216891,0.105497649376361,-0.0137163786371114,0.051570722040394,0.0209739488054367,-0.109065098918604,0.00945032250770788,0.668865015829021,0.0811863808553634,0.0739212976356998,-0.00219755994062616,-0.00305406114587887,0.017341589444368,0.0341506010485042,-0.0217437623041255,0.0786652583962364,0.0719913276270932,-0.0416513195819552,0.0395877225898924,0.144271894818796,1
"101","Sample63",-0.0635836355605392,0.104986731989768,-0.0156119967838095,0.0212006967437117,-0.0931871974673482,-0.0455735103894181,-0.00653894707412942,-0.0406162324826646,-0.0524510642682088,-0.0927541655420108,-0.0317521016395037,-0.0103275553128005,-0.0211345619904715,-0.0490621674275737,-0.0839254644528313,0.0980898574809345,-0.053014311704031,0.0414597160920309,0.11917736293178,0.138694885395815,-0.0578893776533727,-0.0227099282773582,-0.0473774672508046,-0.0652003262944757,-0.0607887859938607,0.0202501576947749,-0.0541669032693457,0.0224905162829073,-0.055641060795945,0.0400187675936101,-0.0270457647347206,-0.0262933714883692,-0.0568656626711322,0
"102","Sample67",-0.0985043883571594,-0.0250251057390046,-0.0737917121221652,-0.0477232828029712,-0.156309528830832,-0.0621192319729859,-0.0658822528294526,-0.0584469723932037,-0.111231566528313,-0.145443983254031,-0.060631866984938,-0.0524149608529119,-0.0351096695094841,-0.066545242236366,-0.155360938748563,0.0795983497326405,-0.099173405103036,-0.0597359364600832,0.179147613944266,-0.00648849678360027,-0.126725054700531,-0.0998800332291321,-0.106757188992799,-0.107131504950764,-0.0689701342681474,-0.0631631365964462,-0.0850269139702252,-0.0886577409799948,-0.148311307813178,-0.0522375424273878,-0.0582501131806646,-0.0822350182285563,-0.102083925850142,0
"103","Sample7",-0.0383650967465786,0.0273733250161631,0.0121599633131823,0.0127461441222892,-0.00132421961782194,-0.0423632718793182,-0.00916731060504797,0.00369623574163865,0.0147700348271527,0.0151687689930816,-0.0267557870026198,0.0085573744314863,0.0366329307427336,-0.0379341207527244,-0.00304592069562941,0.0516897031066739,-0.000353202955969335,0.00693455319359486,0.111391713810969,-0.00227883304758133,-0.00892995462142,0.0011465753862174,-0.00746035248426199,-0.015156025879337,-0.0438530662340309,-0.0109577464297603,-0.0329627269601892,-0.0106553995075186,0.0981154160052242,0.0142718327572664,-0.0177389403223801,-0.011968713837041,0.0174320119879439,0
"104","Sample72",-0.00216373037048073,0.0705150761742368,0.0208369274932875,0.0356996610762058,0.0186348447423569,-0.0259117573914662,0.0302221503551296,0.0122910453958129,0.00583056312046857,0.00687509710833883,0.0033092069178349,0.0311308340524334,-0.0232888949291168,-0.0150232532322762,-0.000821222986207061,0.0111600007309721,0.00296545404446055,0.0822605384426101,0.0198766259963061,-0.0037727975396666,-0.00298364763004004,0.0313576231176528,0.0165343437359638,-0.0332263786449767,-0.0149825051049933,0.115451370548881,0.00369190884700058,-0.003317116902725,0.0811555388388494,0.0340045473322644,-0.00298860453252487,0.0278774026058277,0.0119751000897418,0
"105","Sample73",-0.0553149599327101,0.0121254343990123,0.00870374854811487,-0.040839746784511,-0.0418306970512289,0.048456917592396,-0.0444096604462625,-0.00132393641430387,0.00863333385515953,0.019342583263742,-0.0100801376779561,-0.00416013437750289,0.00735988933728998,-0.021312823341541,0.0152521598312187,-0.018321503709208,0.00173723533220589,-0.0223355998009104,-0.0093414662680058,-0.00494280205015944,-0.0104409526301308,-0.00888444946686397,0.00207357940398209,0.0677971022181394,-0.0412874758293874,-0.0149449673335531,-0.0172379757463255,0.00940121073306049,0.0414651652916569,0.00119771567185254,0.0328496355803677,0.0434145943930807,0.0948201497837366,0
"106","Sample75",0.112273579081352,-0.138311220874572,0.0251749339691264,-0.0714717828136284,0.397980928259371,-0.0136924980880604,-0.0281563999569657,0.00700704194821592,0.0803784851236353,0.560359012972945,-0.012823559467539,-0.032813998558287,0.0149926867571234,-0.0128871643283236,0.158164423584102,-0.072017225478673,0.177817226986363,-0.0572024180219542,-0.062843030632402,-0.100189462291593,-0.0206764122503304,-0.0107260829905948,0.088409756606437,0.0216745940704685,0.0469693829340914,-0.0409489908851245,0.0777181763902821,0.0535047346789974,0.0426841532827398,-0.085240021100654,0.00867532956308857,-0.0657476570239117,-0.00875048695055422,1
"107","Sample77",0.0221580348699253,0.0237134660941409,0.00672257035127514,-0.040541184331853,0.0268429072060094,-0.0107331163002327,-0.0100712482124437,-0.0338576071680904,-0.0216930440883979,0.00890250489343944,-0.0235764471588911,-0.00769655755891058,-0.0139284524831006,-0.0400821326686302,0.00548386115702389,-0.0253869632164413,-0.0114501667362123,0.0010285721918417,-0.0369001477413226,-0.0217401461124322,-0.0146386413080589,-0.000177997059999386,-0.0108662735228916,-0.00848462037142097,-0.000571369153724838,0.0578370295023843,0.0163943927744735,0.028731988803095,0.0104947776503176,0.0147710064532604,-0.0236559237040237,0.0269569719660045,0.0538577801432795,0
"108","Sample78",0.0876733987288888,-0.00715162493790875,0.0249632728606082,0.0142871324816954,0.14943719633358,0.0505867186571358,0.0168029534603864,0.0324752590600437,0.0676012378394532,0.0419995623962601,0.0389461920588178,-0.00264375414115568,0.0426891165139456,0.0313655773880445,0.055471915442213,-0.0375557028359384,0.0297746529599873,0.0350906024131069,-0.0450350251684329,-0.00786898682746621,0.252948076797465,0.0443567137024329,0.0478239661586369,0.00618742236534342,0.000639983688597576,-0.00474510103881117,0.0322269633121097,0.0404306973214903,0.0150907334922959,0.00681894107000414,-0.0279648363468644,0.0987577009637923,0.0974596816431545,0
"109","Sample79",0.0900396489024621,-0.0186913497959111,0.0126504912677927,0.0310803854016324,0.148698690487443,0.0107994447978372,0.0171170267603633,0.00497049822451817,0.0351225147942979,0.107102419769922,0.0351027922489556,0.0304131080867653,0.0444742723052567,-0.00897164056506494,0.0736601329993166,-0.0110205476859294,0.0677007243454821,0.00709905555414898,-0.0769942763529714,-0.0317499043760161,0.0514365038916709,0.0269438906006761,0.0454797517810925,-0.000897590439379,0.0443734452274843,0.0403107792183979,0.00644725345373188,-0.00295570618835235,0.14359898657613,-0.00887782652940114,0.0364636987228211,-0.0218880295201702,0.0377925514311274,0
"110","Sample8",-0.0572606557265686,0.137060443538274,0.0111789311347535,0.00798949931423483,-0.0495439993163801,0.0441234708830507,-0.034956611795937,-0.0261418316014674,-0.0755260311747747,-0.0361429232619403,-0.0173817202448256,0.0123435462147678,-0.0126263772484843,-0.0419127879852569,-0.052188988510178,0.0531785014189461,-0.0303774657704559,0.0904434408553138,0.0397082875988377,0.0742866543653452,-0.0232765718040801,0.0197419626264167,-0.0204697595246029,0.0407711044700722,-0.0358258238027112,0.0713655958663867,-0.0229754962655587,0.0233190868345581,-0.0108319054768521,0.0510493943483962,-0.0386633469213481,0.0504154546154228,0.00739597891031557,0
"111","Sample82",-0.0818138296635983,0.076631806117376,0.0182885356989476,-0.0510781401202197,-0.062872718707438,0.0154192016467684,0.0738570253280956,-0.0332894773773623,-0.0468785906058381,-0.0403886567476185,-0.0206147296095371,0.000225399117718293,-0.0218808400882066,-0.0379527067589093,-0.0433850668494572,-0.000177850157258529,-0.0458248317451885,0.035245944627139,0.0400116869965606,0.0634805138139781,-0.046437658715222,-0.00358579258418395,-0.0264543783579239,-0.0334083171674587,-0.0574729034807511,0.0911403094966864,-0.0352191462141718,0.143242028022278,-0.0558257523326176,0.0240891746782682,0.00812795309100496,0.150576837866037,-0.00593149453313447,0
"112","Sample83",-0.0854220401497326,0.00728476062747125,-0.0321733256464907,-0.0281300378810854,-0.0931950301815737,0.00876182395933139,-0.0264302821227244,-0.0400873326777553,-0.0661142580875396,-0.0752508100380141,-0.0380752447594748,-0.0106719860542503,-0.0245498411240777,-0.0517358759526119,-0.0626550242523325,0.00717524335949385,-0.059147020730298,0.0375398069359101,0.27198951781265,0.00128738758722991,-0.0742077626500461,-0.0444881077004901,-0.0521661176897213,-0.0401750284032322,-0.065564827621389,-0.0178653972680958,-0.0432635494258121,-0.0311350051729105,-0.0497961109469048,-0.0215739728720245,-0.0626983492241635,-0.059342791959706,-0.0704287135463129,0
"113","Sample86",0.204745840162804,-0.0882478638425929,-0.0564161324994887,0.0638509484835535,0.085196192646571,-0.0717633340050141,-0.0253882558160996,-0.00926053095493516,-0.0457971324361856,-0.0467425644196619,-0.00553566606624178,-0.0278017777161466,-0.0462610847834129,-0.0271398297854849,-0.0625338912512346,-0.0293342127124475,-0.0042635850859608,-0.0420710920557031,-0.109480928932852,-0.0520103135804185,-0.0100939861040866,-0.0292721090553104,-0.0396336710510933,-0.0918933845300675,-0.0301773953347358,-0.0694249456450995,-0.0450984326607828,-0.0231774532511233,-0.018387490528808,-0.0548734243861651,-0.034452130721097,-0.064093704874569,-0.120375716665676,0
"114","Sample87",0.064202496600062,-0.069066707563391,-0.0410219903114021,0.00802231072509152,-0.0282312051211847,-0.0673050205847764,0.834307312033175,-0.0284356737223314,0.000862998613993121,-0.0312125186601317,-0.0377269416527133,-0.0225674923565197,0.000382572056164537,-0.0433142654348607,-0.0537905954925613,-0.00422859582126232,-0.00914998923259965,-0.0520747813871245,0.0671300333779065,-0.0543287149941363,-0.0565275376266807,-0.040050751282071,-0.0406765984430898,-0.0748757774468123,-0.0514291828270696,-0.0689455698198984,-0.0089972084673114,-0.0341310639632004,-0.0122862006634085,-0.0448265893218374,-0.0304473865690078,-0.0644096886181707,-0.0208804314814153,1
"115","Sample9",-0.0733081436304395,-0.0345621248702628,-0.0256968461635984,-0.0671800874953652,-0.0698161348173973,-0.0174593107710047,-0.00710847832686215,-0.0318938686997397,0.00741456069678568,-0.00347516807660622,-0.0137383126982229,-0.0467421956783954,-0.0397509277280666,-0.0208561190791728,0.00504027868679027,-0.0671767429295537,-0.0365283398661172,-0.0498726547378423,0.180971694014113,-0.0228565795762187,-0.015339649263634,-0.0487711668651407,-0.0257459784251286,0.060630373458275,-0.0460102853524995,-0.0471186101595977,0.012015938432666,-0.0591961574484038,-0.0317760058931297,-0.0434119876451418,-0.0412280556191563,-0.0188733011956988,0.0624842984636295,0
"116","Sample94",0.00326207754087773,0.0583600754772107,0.010682055450439,-0.00755434205289312,-0.0150576120107304,0.00322995659913361,0.00177414864045294,-0.00328316925058807,-0.0215674511617235,-0.0264725475546012,-0.0102489237521497,-0.00276590242338188,0.00916624250413707,0.0277062355549398,-0.020327547692932,0.0173139872551537,-0.0218916228097769,0.00704800241401962,0.0422121596043029,0.00307862669778393,0.00707483385369509,0.0106759392459582,-0.0235177553848542,0.0382022646211615,-0.00626675520969081,0.012826807189385,0.0521528404331368,-0.0240438554769072,-0.012433881430234,0.0319427744455943,-0.0475894423667702,-0.0241519478603514,0.106591684869532,0
"117","Sample96",-0.0837367957755962,-0.20170318782168,-0.0984638896494733,-0.106431538093754,-0.0639321680239324,-0.068867383075064,-0.0935326218469035,-0.0383092479097779,-0.042405432117698,-0.00773969533365268,-0.0558221377738135,-0.0497533284301533,-0.0641908999305999,-0.0419190120821326,-0.0814029128329267,-0.0889212908695665,-0.0520484804396835,-0.0873718066261023,-0.148105663157812,-0.101744132796788,-0.11387977126338,-0.12369877312181,-0.0604382361323714,-0.0813105177276792,-0.0580224904712437,-0.137761499272331,-0.0181413882676063,-0.0706229557401256,-0.00288186787344799,-0.155227406246872,0.881778149581806,-0.0891279301496166,-0.13975276283828,1
"118","Sample98",0.0885188262534032,0.0657142948815106,0.00485101863038,0.0583943785146173,0.0555947561637033,-0.00150897361309248,-0.00330209560465359,0.0390293509347534,-0.027469160426921,-0.0157140297362752,-0.00577402408668438,0.0206151092372393,-0.00756255791164778,-0.00874077167043457,-0.0150613171201511,0.0825072126131847,0.0158627403020161,0.0385550432310671,-0.0428296167838238,0.00786376335424154,0.00488990888698815,0.0250541910931845,-0.00827170393487884,-0.00993091819414668,0.0158323448188057,0.0185806811086919,-0.00475154395848521,0.116937365860135,0.0339894999038352,0.0463911566090813,-0.000342808363675475,0.0207657743443041,-0.0116112149446903,0
"119","Sample99",0.0568003452433834,-0.0153306824328529,-0.0184028037409974,-0.0357041286200509,0.00928444857525288,0.0917612546866821,-0.00860568593359898,-0.0264581803000582,0.00574303541215855,0.0104623013897143,-0.0055472619069743,-0.00983174962853667,-0.046765418395034,-0.019501738916656,0.02091424983446,-0.0657541980189178,-0.00966644258207272,-0.0492517825575179,-0.0794438123174022,0.0049716457153002,0.0276656282424228,-0.00847136396031596,0.00103903047618037,0.196653629035911,0.779195480925233,-0.0138251989154545,0.0216603557803823,0.00697359387425601,-0.0440760636927937,0.00559084241718838,-0.0350509404113295,0.0221689673250898,0.0994137258074998,1
